#{"t_start": 1702595872.639339, "env_id": "ALE/Breakout-v5"}
r,l,t
0.0,137,9.684749
2.0,192,22.527319
2.0,200,52.153446
0.0,125,67.672029
