#{"t_start": 1702633544.758786, "env_id": "ALE/Breakout-v5"}
r,l,t
0.0,129,9.204419
3.0,280,27.879097
0.0,129,36.463474
4.0,279,55.060914
0.0,125,63.443686
1.0,159,74.044509
0.0,131,82.778076
1.0,175,94.444453
0.0,129,103.044648
2.0,200,116.41132
2.0,199,129.661292
0.0,132,138.461974
