#{"t_start": 1702595795.2232287, "env_id": "ALE/Breakout-v5"}
r,l,t
4.0,270,19.278633
0.0,134,28.209851
0.0,122,64.012445
